{"cameraMode":{"drawMode":0,"name":"Shaded","section":"Shading Mode"},"sceneLighting":false,"audioPlay":false,"sceneViewState":{"m_AlwaysRefresh":false,"showFog":true,"showSkybox":false,"showFlares":true,"showImageEffects":true,"showParticleSystems":true,"showVisualEffectGraphs":true,"m_FxEnabled":true},"in2DMode":false,"pivot":{"x":5.497541427612305,"y":0.061589956283569339,"z":32.48671340942383},"rotation":{"x":-0.12864786386489869,"y":0.846278965473175,"z":-0.23694859445095063,"w":-0.45947566628456118},"size":8.193567276000977,"orthographic":false}