{"cameraMode":{"drawMode":0,"name":"Shaded","section":"Shading Mode"},"sceneLighting":false,"audioPlay":false,"sceneViewState":{"m_AlwaysRefresh":false,"showFog":true,"showSkybox":false,"showFlares":true,"showImageEffects":true,"showParticleSystems":true,"showVisualEffectGraphs":true,"m_FxEnabled":true},"in2DMode":false,"pivot":{"x":8.71882438659668,"y":0.7117486000061035,"z":5.0944414138793949},"rotation":{"x":0.005100979935377836,"y":-0.0204058438539505,"z":-0.00010523744276724756,"w":-0.9997828006744385},"size":1.2247449159622193,"orthographic":false}