{"cameraMode":{"drawMode":0,"name":"Shaded","section":"Shading Mode"},"sceneLighting":false,"audioPlay":false,"sceneViewState":{"m_AlwaysRefresh":false,"showFog":true,"showSkybox":false,"showFlares":true,"showImageEffects":true,"showParticleSystems":true,"showVisualEffectGraphs":true,"m_FxEnabled":true},"in2DMode":false,"pivot":{"x":5.8600006103515629,"y":2.4060001373291017,"z":-0.28999996185302737},"rotation":{"x":-0.13974739611148835,"y":-0.36432579159736636,"z":0.0553966723382473,"w":-0.9190641045570374},"size":6.663501262664795,"orthographic":false}